id;nom;prenom;email;fixe;mobile
1;Libyan Arab Jamahiriya;invoice;Charley.Ryan96@yahoo.com;relationships Intelligent Soft Chair infrastructures;structure Parkway Personal Loan Account
2;Jewelery Fish mint green;Rustic;Anita_Bechtelar@gmail.com;Hawaii HDD Ergonomic;vortals calculate Expanded
3;navigating Electronics;Maryland Central bandwidth-monitored;Aubrey57@yahoo.com;cyan;responsive
4;Hong Kong Dollar;auxiliary Auto Loan Account;Lavonne_Yost@hotmail.com;Intelligent;Integration Horizontal
5;evolve Horizontal visionary;Florida Fresh Turkey;Kacey_Flatley@hotmail.com;Small Wooden Bike;applications silver
6;SDR hacking;Communications;Kristopher_Fahey98@gmail.com;Regional invoice connect;Squares overriding Cotton
7;Producer Soap;Cloned Chicken;Keeley.Dietrich@hotmail.com;extend Bedfordshire;superstructure indexing Factors
8;Palladium Group Developer;Refined Buckinghamshire;Isabella_Rippin29@yahoo.com;digital Rapid Summit;Singapore invoice Gibraltar Pound
9;Graphical User Interface Borders product;Brand North Carolina;Jamal3@yahoo.com;primary connect functionalities;New Hampshire
10;Green SSL;cross-platform;Felton.Fisher@yahoo.com;data-warehouse full-range impactful;Coordinator generate
